{"cameraMode":{"drawMode":0,"name":"Shaded","section":"Shading Mode"},"sceneLighting":false,"audioPlay":false,"sceneViewState":{"showFog":true,"showMaterialUpdate":false,"showSkybox":true,"showFlares":true,"showImageEffects":true,"showParticleSystems":true},"in2DMode":false,"pivot":{"x":-2.9160263538360597,"y":-17.854995727539064,"z":7.650474548339844},"rotation":{"x":-0.46471577882766726,"y":-0.0031726115848869087,"z":0.0016740771243348718,"w":-0.8854696750640869},"size":215.04150390625,"orthographic":false}