{"cameraMode":{"drawMode":0,"name":"Shaded","section":"Shading Mode"},"sceneLighting":false,"audioPlay":false,"sceneViewState":{"showFog":true,"showMaterialUpdate":false,"showSkybox":true,"showFlares":true,"showImageEffects":true,"showParticleSystems":true},"in2DMode":false,"pivot":{"x":-150.04429626464845,"y":-55.63648986816406,"z":-55.157779693603519},"rotation":{"x":-0.0932488963007927,"y":0.8127697110176086,"z":-0.1355900764465332,"w":-0.558892011642456},"size":206.62368774414063,"orthographic":false}