{"cameraMode":{"drawMode":0,"name":"Shaded","section":"Shading Mode"},"sceneLighting":true,"audioPlay":false,"sceneViewState":{"showFog":true,"showMaterialUpdate":false,"showSkybox":true,"showFlares":true,"showImageEffects":true,"showParticleSystems":true},"in2DMode":false,"pivot":{"x":-41.416934967041019,"y":-3.0487818717956545,"z":134.72474670410157},"rotation":{"x":-0.05253118276596069,"y":0.09811952710151673,"z":-0.005174357909709215,"w":-0.9937911629676819},"size":39.826744079589847,"orthographic":false}