{"cameraMode":{"drawMode":0,"name":"Shaded","section":"Shading Mode"},"sceneLighting":true,"audioPlay":false,"sceneViewState":{"showFog":true,"showMaterialUpdate":false,"showSkybox":true,"showFlares":true,"showImageEffects":true,"showParticleSystems":true},"in2DMode":false,"pivot":{"x":24.620214462280275,"y":-16.40736961364746,"z":287.33612060546877},"rotation":{"x":-0.03330324590206146,"y":0.003911245614290237,"z":-0.00011780233035096899,"w":-0.9994549751281738},"size":314.92425537109377,"orthographic":false}