{"cameraMode":{"drawMode":0,"name":"Shaded","section":"Shading Mode"},"sceneLighting":false,"audioPlay":false,"sceneViewState":{"showFog":true,"showMaterialUpdate":false,"showSkybox":true,"showFlares":true,"showImageEffects":true,"showParticleSystems":true},"in2DMode":false,"pivot":{"x":-7.113855361938477,"y":-22.81529998779297,"z":-5.167625427246094},"rotation":{"x":-0.32291048765182497,"y":-0.0076514040119946,"z":0.002618905622512102,"w":-0.9464109539985657},"size":92.0616455078125,"orthographic":false}