{"cameraMode":{"drawMode":0,"name":"Shaded","section":"Shading Mode"},"sceneLighting":false,"audioPlay":false,"sceneViewState":{"showFog":true,"showMaterialUpdate":false,"showSkybox":true,"showFlares":true,"showImageEffects":true,"showParticleSystems":true},"in2DMode":false,"pivot":{"x":-2.1035728454589845,"y":-12.460302352905274,"z":127.57622528076172},"rotation":{"x":-0.05253118276596069,"y":0.09811952710151673,"z":-0.005174357909709215,"w":-0.9937911629676819},"size":254.48275756835938,"orthographic":false}