{"cameraMode":{"drawMode":0,"name":"Shaded","section":"Shading Mode"},"sceneLighting":true,"audioPlay":false,"sceneViewState":{"showFog":true,"showMaterialUpdate":false,"showSkybox":true,"showFlares":true,"showImageEffects":true,"showParticleSystems":true},"in2DMode":false,"pivot":{"x":13.0885009765625,"y":40.08017349243164,"z":40.28226089477539},"rotation":{"x":-0.011334560811519623,"y":0.5712555050849915,"z":-0.007887815125286579,"w":-0.8206624984741211},"size":288.42132568359377,"orthographic":false}