{"cameraMode":{"drawMode":0,"name":"Shaded","section":"Shading Mode"},"sceneLighting":false,"audioPlay":false,"sceneViewState":{"showFog":true,"showMaterialUpdate":false,"showSkybox":true,"showFlares":true,"showImageEffects":true,"showParticleSystems":true},"in2DMode":false,"pivot":{"x":6.923027992248535,"y":-14.065383911132813,"z":15.73739242553711},"rotation":{"x":-0.5624157786369324,"y":-0.005442060064524412,"z":0.0037115614395588638,"w":-0.8268468976020813},"size":214.23597717285157,"orthographic":false}