{"cameraMode":{"drawMode":0,"name":"Shaded","section":"Shading Mode"},"sceneLighting":false,"audioPlay":false,"sceneViewState":{"showFog":true,"showMaterialUpdate":false,"showSkybox":true,"showFlares":true,"showImageEffects":true,"showParticleSystems":true},"in2DMode":false,"pivot":{"x":-19.483543395996095,"y":-39.34771728515625,"z":49.673248291015628},"rotation":{"x":-0.44442233443260195,"y":0.18261116743087769,"z":-0.09305403381586075,"w":-0.8720743656158447},"size":250.5438232421875,"orthographic":false}