{"cameraMode":{"drawMode":0,"name":"Shaded","section":"Shading Mode"},"sceneLighting":false,"audioPlay":false,"sceneViewState":{"showFog":true,"showMaterialUpdate":false,"showSkybox":true,"showFlares":true,"showImageEffects":true,"showParticleSystems":true},"in2DMode":false,"pivot":{"x":-47.71117401123047,"y":19.62359619140625,"z":47.345855712890628},"rotation":{"x":-0.44063499569892886,"y":-0.005909770727157593,"z":0.002909609582275152,"w":-0.897679328918457},"size":233.87217712402345,"orthographic":false}