{"cameraMode":{"drawMode":0,"name":"Shaded","section":"Shading Mode"},"sceneLighting":true,"audioPlay":false,"sceneViewState":{"showFog":true,"showMaterialUpdate":false,"showSkybox":true,"showFlares":true,"showImageEffects":true,"showParticleSystems":true},"in2DMode":false,"pivot":{"x":623.7777709960938,"y":179.0850372314453,"z":22.807525634765626},"rotation":{"x":-0.05253118276596069,"y":0.09811952710151673,"z":-0.005174357909709215,"w":-0.9937911629676819},"size":907.1929931640625,"orthographic":false}