{"cameraMode":{"drawMode":0,"name":"Shaded","section":"Shading Mode"},"sceneLighting":false,"audioPlay":false,"sceneViewState":{"showFog":true,"showMaterialUpdate":false,"showSkybox":true,"showFlares":true,"showImageEffects":true,"showParticleSystems":true},"in2DMode":false,"pivot":{"x":31.940147399902345,"y":-37.729026794433597,"z":130.01165771484376},"rotation":{"x":-0.05253118276596069,"y":0.09811952710151673,"z":-0.005174357909709215,"w":-0.9937911629676819},"size":630.5313720703125,"orthographic":false}